สถานภาพ,ระดับการศึกษา,ค่าใช้จ่าย,เบี้ยปรับ,จำนวนเงินที่ค้างชำระ
สมรสไม่จดทะเบียน,ประถมศึกษา,12000,0.0,0.0
สมรสจดทะเบียน,มัธยมศึกษาตอนต้น,23500,0.0,0.0
หม้าย,ประถมศึกษา,16000,10.15,579.85
โสด,มัธยมศึกษาตอนปลาย/ปวช.,2450,0.0,0.0
หม้าย,มัธยมศึกษาตอนปลาย/ปวช.,9600,71.42,792.17
สมรสไม่จดทะเบียน,มัธยมศึกษาตอนปลาย/ปวช.,16000,51.36,2601.94
สมรสไม่จดทะเบียน,ปวท./ปวส./อนุปริญญา,13000,0.0,0.0
สมรสจดทะเบียน,ปวท./ปวส./อนุปริญญา,18000,21.3,1162.82
โสด,มัธยมศึกษาตอนต้น,9000,0.0,0.0
สมรสจดทะเบียน,มัธยมศึกษาตอนปลาย/ปวช.,4000,0.0,0.0
สมรสไม่จดทะเบียน,ประถมศึกษา,7500,25.25,1442.67
โสด,มัธยมศึกษาตอนปลาย/ปวช.,17000,56.98,2882.62
สมรสจดทะเบียน,ประถมศึกษา,3800,0.0,0.0
สมรสจดทะเบียน,มัธยมศึกษาตอนปลาย/ปวช.,3000,0.0,0.0
สมรสจดทะเบียน,มัธยมศึกษาตอนปลาย/ปวช.,14660,112.73,4622.39
หม้าย,มัธยมศึกษาตอนต้น,7500,356.32,10646.29
สมรสจดทะเบียน,มัธยมศึกษาตอนปลาย/ปวช.,14000,0.0,0.0
สมรสจดทะเบียน,ไม่ได้รับการศึกษา,9000,0.0,0.0
สมรสไม่จดทะเบียน,มัธยมศึกษาตอนปลาย/ปวช.,8000,293.6,9377.76
โสด,มัธยมศึกษาตอนปลาย/ปวช.,13720,0.0,0.0
โสด,ปริญญาตรี,19000,0.0,0.0
โสด,มัธยมศึกษาตอนต้น,21000,0.0,0.0
โสด,มัธยมศึกษาตอนต้น,14000,0.0,0.0
โสด,ปริญญาตรี,10000,0.0,0.0
สมรสจดทะเบียน,ประถมศึกษา,20800,0.0,0.0
แยกกันอยู่(ร้าง),ประถมศึกษา,5600,0.0,0.0
สมรสจดทะเบียน,ประถมศึกษา,4000,0.0,0.0
โสด,มัธยมศึกษาตอนปลาย/ปวช.,16000,123.47,8482.82
สมรสจดทะเบียน,มัธยมศึกษาตอนปลาย/ปวช.,25000,115.7,8543.46
สมรสจดทะเบียน,มัธยมศึกษาตอนต้น,3500,187.02,7158.98
สมรสจดทะเบียน,มัธยมศึกษาตอนต้น,11300,0.0,0.0
โสด,มัธยมศึกษาตอนต้น,20000,343.85,10634.09
หม้าย,ประถมศึกษา,21000,0.0,0.0
สมรสจดทะเบียน,มัธยมศึกษาตอนต้น,8034,286.0,9370.15
โสด,มัธยมศึกษาตอนปลาย/ปวช.,9000,134.04,3349.59
โสด,ประถมศึกษา,7600,77.83,3133.47
สมรสจดทะเบียน,มัธยมศึกษาตอนปลาย/ปวช.,26800,0.0,0.0
โสด,มัธยมศึกษาตอนปลาย/ปวช.,13000,212.45,10501.57
สมรสจดทะเบียน,ปวท./ปวส./อนุปริญญา,10000,212.45,10502.69
สมรสไม่จดทะเบียน,ปริญญาตรี,16600,0.0,0.0
สมรสไม่จดทะเบียน,ประถมศึกษา,1500,63.3,3455.05
สมรสจดทะเบียน,มัธยมศึกษาตอนปลาย/ปวช.,8000,0.0,0.0
สมรสไม่จดทะเบียน,ปริญญาตรี,16000,10.65,580.37
สมรสจดทะเบียน,ประถมศึกษา,8500,0.0,0.0
สมรสไม่จดทะเบียน,มัธยมศึกษาตอนปลาย/ปวช.,10195,252.19,8783.05
หย่า,ประถมศึกษา,26500,121.49,8669.47
สมรสไม่จดทะเบียน,ประถมศึกษา,9000,0.0,0.0
สมรสจดทะเบียน,มัธยมศึกษาตอนต้น,8000,335.66,10625.87
โสด,ปริญญาตรี,16500,52.24,2904.57
สมรสจดทะเบียน,ประถมศึกษา,12000,335.66,10625.89
สมรสจดทะเบียน,มัธยมศึกษาตอนต้น,5000,0.0,0.0
สมรสไม่จดทะเบียน,มัธยมศึกษาตอนปลาย/ปวช.,12000,0.0,0.0
สมรสจดทะเบียน,มัธยมศึกษาตอนปลาย/ปวช.,6600,64.07,3461.96
สมรสไม่จดทะเบียน,ประถมศึกษา,9200,0.0,0.0
โสด,ปริญญาตรี,6300,0.0,0.0
หม้าย,ประถมศึกษา,4000,155.75,6325.59
สมรสไม่จดทะเบียน,มัธยมศึกษาตอนต้น,15000,0.0,0.0
สมรสไม่จดทะเบียน,ปวท./ปวส./อนุปริญญา,15000,173.43,7032.2
สมรสไม่จดทะเบียน,มัธยมศึกษาตอนต้น,6300,0.0,0.0
โสด,ระดับก่อนประถมศึกษา,6580,0.0,0.0
สมรสไม่จดทะเบียน,ประถมศึกษา,5100,0.0,0.0
สมรสจดทะเบียน,ประถมศึกษา,7000,31.63,586.19
หม้าย,มัธยมศึกษาตอนปลาย/ปวช.,6000,0.0,0.0
สมรสไม่จดทะเบียน,ประถมศึกษา,6000,0.0,0.0
โสด,ปริญญาตรี,8414,0.0,0.0
หย่า,ประถมศึกษา,6100,0.0,0.0
สมรสไม่จดทะเบียน,มัธยมศึกษาตอนปลาย/ปวช.,9500,355.36,10644.75
สมรสจดทะเบียน,มัธยมศึกษาตอนปลาย/ปวช.,16000,102.24,6955.4
หย่า,ประถมศึกษา,4500,0.0,0.0
สมรสไม่จดทะเบียน,มัธยมศึกษาตอนต้น,13200,0.0,0.0
สมรสไม่จดทะเบียน,ประถมศึกษา,8000,0.0,0.0
สมรสจดทะเบียน,มัธยมศึกษาตอนต้น,13000,355.36,10644.96
หย่า,ระดับก่อนประถมศึกษา,2000,355.36,10645.55
หม้าย,มัธยมศึกษาตอนต้น,6800,86.99,3005.66
แยกกันอยู่,ประถมศึกษา,5400,245.85,7522.83
สมรสไม่จดทะเบียน,มัธยมศึกษาตอนต้น,2000,0.0,0.0
สมรสจดทะเบียน,ประถมศึกษา,17000,0.0,0.0
โสด,มัธยมศึกษาตอนปลาย/ปวช.,3700,0.0,0.0
หย่า,ประถมศึกษา,18500,0.0,0.0
หย่า,มัธยมศึกษาตอนปลาย/ปวช.,7000,0.0,0.0
โสด,ไม่ได้รับการศึกษา,16000,49.8,2491.98
โสด,ปริญญาตรี,8700,0.0,0.0
โสด,มัธยมศึกษาตอนปลาย/ปวช.,2300,0.0,0.0
สมรสไม่จดทะเบียน,ปริญญาโท,12500,131.24,5420.16
หย่า,ประถมศึกษา,3900,216.37,7450.87
โสด,ประถมศึกษา,11000,0.0,0.0
สมรสไม่จดทะเบียน,ประถมศึกษา,7000,353.44,10643.51
สมรสจดทะเบียน,มัธยมศึกษาตอนต้น,6400,0.0,0.0
สมรสไม่จดทะเบียน,ประถมศึกษา,4500,105.7,4664.98
สมรสจดทะเบียน,มัธยมศึกษาตอนต้น,12700,140.74,5412.05
สมรสจดทะเบียน,ประถมศึกษา,8000,0.0,0.0
สมรสจดทะเบียน,ประถมศึกษา,13000,0.0,0.0
สมรสไม่จดทะเบียน,ประถมศึกษา,16000,0.0,0.0
สมรสไม่จดทะเบียน,ประถมศึกษา,11000,343.11,10530.79
หม้าย,ประถมศึกษา,19500,244.42,8222.74
สมรสจดทะเบียน,มัธยมศึกษาตอนต้น,10000,0.0,0.0
สมรสไม่จดทะเบียน,มัธยมศึกษาตอนปลาย/ปวช.,26500,0.0,0.0
สมรสจดทะเบียน,ประถมศึกษา,2000,0.0,0.0
สมรสจดทะเบียน,ประถมศึกษา,8500,0.0,0.0
โสด,ไม่ได้รับการศึกษา,3000,315.69,9931.99
สมรสไม่จดทะเบียน,ประถมศึกษา,9500,347.73,10636.84
สมรสไม่จดทะเบียน,มัธยมศึกษาตอนต้น,9000,39.15,2324.26
สมรสจดทะเบียน,ประถมศึกษา,8000,0.0,0.0
หม้าย,ประถมศึกษา,7600,315.17,10001.93
โสด,มัธยมศึกษาตอนต้น,9300,0.0,0.0
สมรสจดทะเบียน,ประถมศึกษา,7000,0.0,0.0
โสด,มัธยมศึกษาตอนต้น,5000,0.0,0.0
สมรสไม่จดทะเบียน,มัธยมศึกษาตอนปลาย/ปวช.,8000,211.8,10502.03
สมรสไม่จดทะเบียน,มัธยมศึกษาตอนต้น,13500,0.0,0.0
หย่า,มัธยมศึกษาตอนปลาย/ปวช.,7200,146.65,10436.87
สมรสไม่จดทะเบียน,มัธยมศึกษาตอนปลาย/ปวช.,5600,293.79,9378.19
สมรสไม่จดทะเบียน,มัธยมศึกษาตอนต้น,18200,0.0,0.0
หย่า,ปริญญาตรี,2500,0.0,0.0
สมรสจดทะเบียน,มัธยมศึกษาตอนปลาย/ปวช.,11000,0.0,0.0
โสด,ปริญญาตรี,4632,0.0,0.0
สมรสไม่จดทะเบียน,มัธยมศึกษาตอนปลาย/ปวช.,11000,283.81,9063.39
โสด,ปวท./ปวส./อนุปริญญา,14500,0.0,0.0
โสด,มัธยมศึกษาตอนต้น,4800,310.29,9595.63
หย่า,ปริญญาตรี,22700,0.0,0.0
หย่า,มัธยมศึกษาตอนปลาย/ปวช.,8500,45.11,3053.64
หย่า,มัธยมศึกษาตอนต้น,7100,0.0,0.0
สมรสไม่จดทะเบียน,ประถมศึกษา,9000,40.05,2839.91
หม้าย,ประถมศึกษา,3600,202.85,8192.84
หย่า,มัธยมศึกษาตอนปลาย/ปวช.,25900,309.73,10586.44
สมรสจดทะเบียน,ประถมศึกษา,8800,300.26,10378.97
สมรสจดทะเบียน,มัธยมศึกษาตอนต้น,20000,309.73,10589.5
โสด,มัธยมศึกษาตอนต้น,3500,82.89,4541.27
โสด,ประถมศึกษา,8000,136.08,5925.85
สมรสไม่จดทะเบียน,มัธยมศึกษาตอนต้น,19000,273.9,8928.31
สมรสจดทะเบียน,ประถมศึกษา,8200,0.0,0.0
โสด,ประถมศึกษา,8400,22.92,1851.0
โสด,ปริญญาตรี,5600,0.0,0.0
แยกกันอยู่(ร้าง),ประถมศึกษา,15000,132.19,5841.59
โสด,มัธยมศึกษาตอนต้น,4200,280.79,9985.75
หย่า,ประถมศึกษา,8000,184.18,7529.41
สมรสจดทะเบียน,ปวท./ปวส./อนุปริญญา,11000,0.0,0.0
แยกกันอยู่(ร้าง),ประถมศึกษา,11099,184.06,7604.65
สมรสไม่จดทะเบียน,มัธยมศึกษาตอนปลาย/ปวช.,4600,0.0,0.0
โสด,มัธยมศึกษาตอนต้น,11800,295.86,10223.61
โสด,ประถมศึกษา,6600,0.0,0.0
สมรสไม่จดทะเบียน,มัธยมศึกษาตอนปลาย/ปวช.,7800,306.72,10513.69
โสด,ประถมศึกษา,7900,308.87,10588.87
โสด,ประถมศึกษา,5800,0.0,0.0
สมรสจดทะเบียน,มัธยมศึกษาตอนปลาย/ปวช.,20001,54.74,3447.04
หย่า,ประถมศึกษา,7800,308.87,10587.12
สมรสไม่จดทะเบียน,ประถมศึกษา,13000,323.25,10465.32
สมรสจดทะเบียน,ประถมศึกษา,25000,0.0,0.0
โสด,มัธยมศึกษาตอนปลาย/ปวช.,5600,168.52,7019.12
โสด,มัธยมศึกษาตอนปลาย/ปวช.,16000,0.0,0.0
สมรสจดทะเบียน,ประถมศึกษา,9500,0.0,0.0
โสด,มัธยมศึกษาตอนปลาย/ปวช.,27000,0.0,0.0
สมรสจดทะเบียน,มัธยมศึกษาตอนต้น,13000,0.0,0.0
สมรสจดทะเบียน,ประถมศึกษา,9800,0.0,0.0
สมรสจดทะเบียน,ประถมศึกษา,81000,0.0,0.0
สมรสจดทะเบียน,ประถมศึกษา,11000,0.0,0.0
สมรสไม่จดทะเบียน,มัธยมศึกษาตอนต้น,16500,0.0,0.0
แยกกันอยู่(ร้าง),ประถมศึกษา,3700,166.47,4928.25
สมรสไม่จดทะเบียน,ประถมศึกษา,5000,0.0,0.0
โสด,มัธยมศึกษาตอนต้น,19100,0.0,0.0
หม้าย,ประถมศึกษา,3800,314.89,10594.92
โสด,มัธยมศึกษาตอนต้น,13500,0.0,0.0
สมรสจดทะเบียน,ประถมศึกษา,5000,0.0,0.0
โสด,ประถมศึกษา,6400,142.19,6263.07
สมรสจดทะเบียน,ปริญญาตรี,9300,0.0,0.0
สมรสจดทะเบียน,ประถมศึกษา,14000,0.0,0.0
สมรสจดทะเบียน,มัธยมศึกษาตอนปลาย/ปวช.,18000,0.0,0.0
สมรสไม่จดทะเบียน,มัธยมศึกษาตอนปลาย/ปวช.,13000,0.0,0.0
หม้าย,มัธยมศึกษาตอนต้น,15000,295.8,9565.7
โสด,มัธยมศึกษาตอนต้น,4000,0.0,0.0
สมรสจดทะเบียน,ปวท./ปวส./อนุปริญญา,6700,9.69,13.0
โสด,ปวท./ปวส./อนุปริญญา,4500,0.0,0.0
โสด,ปริญญาตรี,2500,71.53,1784.84
สมรสไม่จดทะเบียน,มัธยมศึกษาตอนต้น,5600,0.0,0.0
สมรสจดทะเบียน,มัธยมศึกษาตอนปลาย/ปวช.,2100,0.0,0.0
โสด,ประถมศึกษา,9800,0.0,0.0
หม้าย,ไม่ได้รับการศึกษา,7500,97.99,4668.55
สมรสจดทะเบียน,ประถมศึกษา,6500,0.0,0.0
โสด,ปริญญาตรี,4500,0.0,0.0
หย่า,ปวท./ปวส./อนุปริญญา,4000,330.4,10519.4
สมรสไม่จดทะเบียน,มัธยมศึกษาตอนปลาย/ปวช.,16500,0.0,0.0
โสด,มัธยมศึกษาตอนต้น,24000,254.37,8829.22
สมรสไม่จดทะเบียน,ประถมศึกษา,6000,0.0,0.0
สมรสจดทะเบียน,ประถมศึกษา,2000,0.0,0.0
สมรสจดทะเบียน,มัธยมศึกษาตอนปลาย/ปวช.,10000,0.0,0.0
สมรสจดทะเบียน,ประถมศึกษา,4500,306.94,9417.83
สมรสจดทะเบียน,ระดับก่อนประถมศึกษา,8500,0.0,0.0
สมรสจดทะเบียน,ปวท./ปวส./อนุปริญญา,12000,0.0,0.0
สมรสจดทะเบียน,ปริญญาตรี,20000,105.27,4284.29
หม้าย,มัธยมศึกษาตอนปลาย/ปวช.,10000,0.0,0.0
สมรสไม่จดทะเบียน,ประถมศึกษา,5700,0.0,0.0
สมรสจดทะเบียน,ปวท./ปวส./อนุปริญญา,10000,33.43,693.61
สมรสไม่จดทะเบียน,มัธยมศึกษาตอนต้น,7000,9997.86,326.65
หย่า,มัธยมศึกษาตอนปลาย/ปวช.,3500,0.0,0.0
สมรสจดทะเบียน,ปริญญาตรี,5500,0.0,0.0
สมรสไม่จดทะเบียน,มัธยมศึกษาตอนปลาย/ปวช.,8000,275.89,8755.58
สมรสจดทะเบียน,มัธยมศึกษาตอนต้น,7000,0.0,0.0
สมรสจดทะเบียน,ประถมศึกษา,6500,0.0,0.0
สมรสจดทะเบียน,มัธยมศึกษาตอนต้น,15000,0.0,0.0
โสด,ปวท./ปวส./อนุปริญญา,17000,0.0,0.0
สมรสจดทะเบียน,ประถมศึกษา,18000,33.74,909.11
โสด,มัธยมศึกษาตอนปลาย/ปวช.,7000,0.0,0.0
สมรสไม่จดทะเบียน,มัธยมศึกษาตอนต้น,7500,0.0,0.0
สมรสไม่จดทะเบียน,ปวท./ปวส./อนุปริญญา,6900,0.0,0.0
หย่า,ประถมศึกษา,6500,0.0,0.0
โสด,มัธยมศึกษาตอนต้น,8000,0.0,0.0
โสด,ประถมศึกษา,5500,306.71,9973.96
สมรสจดทะเบียน,มัธยมศึกษาตอนปลาย/ปวช.,6000,0.0,0.0
สมรสจดทะเบียน,มัธยมศึกษาตอนปลาย/ปวช.,15000,0.0,0.0
สมรสไม่จดทะเบียน,ประถมศึกษา,8000,0.0,0.0
สมรสจดทะเบียน,มัธยมศึกษาตอนต้น,16000,0.0,0.0
สมรสจดทะเบียน,ประถมศึกษา,17500,0.0,0.0
โสด,มัธยมศึกษาตอนต้น,6000,0.0,0.0
สมรสจดทะเบียน,มัธยมศึกษาตอนปลาย/ปวช.,7000,17.3,960.71
แยกกันอยู่(ร้าง),มัธยมศึกษาตอนต้น,8000,137.16,9733.23
สมรสจดทะเบียน,มัธยมศึกษาตอนปลาย/ปวช.,13400,0.0,0.0
สมรสจดทะเบียน,ปริญญาตรี,4000,0.0,0.0
สมรสจดทะเบียน,มัธยมศึกษาตอนปลาย/ปวช.,24000,0.0,0.0
สมรสจดทะเบียน,มัธยมศึกษาตอนต้น,3000,0.0,0.0
โสด,ปริญญาตรี,12000,0.0,0.0
สมรสไม่จดทะเบียน,ประถมศึกษา,4500,46.23,2831.69
สมรสจดทะเบียน,มัธยมศึกษาตอนต้น,4600,0.0,0.0
หม้าย,ระดับก่อนประถมศึกษา,4000,336.57,10626.81
โสด,มัธยมศึกษาตอนต้น,4000,318.17,10034.98
สมรสไม่จดทะเบียน,ปริญญาตรี,8000,0.0,0.0
สมรสจดทะเบียน,ปริญญาตรี,10000,0.0,0.0
สมรสไม่จดทะเบียน,มัธยมศึกษาตอนปลาย/ปวช.,6800,216.07,7290.61
สมรสจดทะเบียน,ประถมศึกษา,6000,0.0,0.0
สมรสจดทะเบียน,ปริญญาตรี,11000,0.0,0.0
สมรสไม่จดทะเบียน,ประถมศึกษา,2500,25.81,1360.84
สมรสจดทะเบียน,ปวท./ปวส./อนุปริญญา,3500,0.0,0.0
สมรสจดทะเบียน,มัธยมศึกษาตอนต้น,15000,115.0,4993.42
สมรสไม่จดทะเบียน,มัธยมศึกษาตอนต้น,9200,29.66,1875.84
โสด,ปริญญาตรี,7000,0.0,0.0
สมรสไม่จดทะเบียน,ปวท./ปวส./อนุปริญญา,19000,0.0,0.0
สมรสจดทะเบียน,ประถมศึกษา,5250,0.0,0.0
สมรสจดทะเบียน,ประถมศึกษา,3600,0.0,0.0
หย่า,ประถมศึกษา,12000,0.0,0.0
สมรสไม่จดทะเบียน,ประถมศึกษา,21500,170.65,6741.87
สมรสไม่จดทะเบียน,ประถมศึกษา,17500,303.8,9980.59
สมรสไม่จดทะเบียน,ประถมศึกษา,11000,208.95,10499.1
หม้าย,ประถมศึกษา,2500,0.0,0.0
โสด,มัธยมศึกษาตอนปลาย/ปวช.,10000,247.43,8818.89
สมรสไม่จดทะเบียน,ประถมศึกษา,8500,0.0,0.0
สมรสจดทะเบียน,ประถมศึกษา,7300,0.0,0.0
โสด,มัธยมศึกษาตอนปลาย/ปวช.,8400,0.0,0.0
โสด,มัธยมศึกษาตอนปลาย/ปวช.,23000,129.63,5756.99
โสด,มัธยมศึกษาตอนปลาย/ปวช.,20000,182.87,7025.79
สมรสจดทะเบียน,มัธยมศึกษาตอนต้น,13000,0.0,0.0
สมรสจดทะเบียน,มัธยมศึกษาตอนปลาย/ปวช.,13000,208.95,10498.61
โสด,มัธยมศึกษาตอนต้น,6000,0.0,0.0
สมรสจดทะเบียน,มัธยมศึกษาตอนปลาย/ปวช.,5500,0.0,0.0
สมรสไม่จดทะเบียน,ประถมศึกษา,10800,200.69,7575.54
สมรสจดทะเบียน,ปวท./ปวส./อนุปริญญา,18300,280.71,9264.12
หย่า,ประถมศึกษา,4000,284.02,8565.64
โสด,ปริญญาตรี,10000,0.0,0.0
สมรสไม่จดทะเบียน,ประถมศึกษา,6000,204.47,5758.19
โสด,ประถมศึกษา,12200,0.0,0.0
สมรสจดทะเบียน,ประถมศึกษา,12000,120.92,5071.16
สมรสจดทะเบียน,ประถมศึกษา,22000,0.0,0.0
โสด,มัธยมศึกษาตอนปลาย/ปวช.,9000,253.91,8822.72
แยกกันอยู่(ร้าง),มัธยมศึกษาตอนต้น,15700,261.05,8939.85
สมรสไม่จดทะเบียน,ประถมศึกษา,7000,0.0,0.0
โสด,มัธยมศึกษาตอนต้น,6600,0.0,0.0
หม้าย,ประถมศึกษา,10000,277.77,9361.38
สมรสจดทะเบียน,ประถมศึกษา,3500,0.0,0.0
สมรสจดทะเบียน,มัธยมศึกษาตอนปลาย/ปวช.,18500,79.02,3467.25
สมรสจดทะเบียน,มัธยมศึกษาตอนปลาย/ปวช.,12500,0.0,0.0
สมรสจดทะเบียน,มัธยมศึกษาตอนปลาย/ปวช.,7100,197.29,7616.59
สมรสไม่จดทะเบียน,ประถมศึกษา,7700,0.0,0.0
สมรสไม่จดทะเบียน,ประถมศึกษา,6900,96.24,4658.13
โสด,ปริญญาตรี,4000,0.0,0.0
โสด,มัธยมศึกษาตอนปลาย/ปวช.,25000,0.0,0.0
สมรสไม่จดทะเบียน,ประถมศึกษา,5000,331.62,10520.73
โสด,มัธยมศึกษาตอนปลาย/ปวช.,3400,336.85,10625.75
สมรสไม่จดทะเบียน,มัธยมศึกษาตอนต้น,11000,88.09,3439.89
หม้าย,มัธยมศึกษาตอนต้น,6000,152.5,5868.15
สมรสจดทะเบียน,มัธยมศึกษาตอนปลาย/ปวช.,25200,279.71,9422.2
สมรสจดทะเบียน,ปวท./ปวส./อนุปริญญา,6000,0.0,0.0
สมรสไม่จดทะเบียน,ประถมศึกษา,12000,0.0,0.0
โสด,ปริญญาตรี,9600,336.85,10627.08
สมรสจดทะเบียน,มัธยมศึกษาตอนปลาย/ปวช.,10400,0.0,0.0
สมรสจดทะเบียน,ประถมศึกษา,6000,31.76,1163.54
สมรสจดทะเบียน,ประถมศึกษา,13000,151.45,6351.91
สมรสจดทะเบียน,ประถมศึกษา,11000,294.94,9798.06
โสด,มัธยมศึกษาตอนปลาย/ปวช.,15130,16.61,1126.13
สมรสจดทะเบียน,มัธยมศึกษาตอนปลาย/ปวช.,20300,0.0,0.0
สมรสไม่จดทะเบียน,มัธยมศึกษาตอนปลาย/ปวช.,23800,331.62,10521.24
สมรสไม่จดทะเบียน,ประถมศึกษา,19500,0.0,0.0
โสด,ปริญญาตรี,8300,0.0,0.0
สมรสไม่จดทะเบียน,มัธยมศึกษาตอนต้น,8000,0.0,0.0
โสด,มัธยมศึกษาตอนต้น,4500,0.0,0.0
สมรสจดทะเบียน,มัธยมศึกษาตอนปลาย/ปวช.,8800,0.0,0.0
สมรสไม่จดทะเบียน,ปริญญาตรี,17000,0.0,0.0
สมรสจดทะเบียน,มัธยมศึกษาตอนปลาย/ปวช.,13200,0.0,0.0
สมรสจดทะเบียน,มัธยมศึกษาตอนปลาย/ปวช.,15500,0.0,0.0
สมรสจดทะเบียน,มัธยมศึกษาตอนปลาย/ปวช.,7000,0.0,0.0
สมรสไม่จดทะเบียน,มัธยมศึกษาตอนต้น,7500,336.85,10626.74
สมรสจดทะเบียน,ปริญญาตรี,20200,336.85,10627.07
โสด,มัธยมศึกษาตอนต้น,4000,336.85,10623.93
โสด,มัธยมศึกษาตอนต้น,13200,0.0,0.0
หย่า,มัธยมศึกษาตอนต้น,10000,252.83,8820.66
หย่า,มัธยมศึกษาตอนปลาย/ปวช.,8000,0.0,0.0
หม้าย,ประถมศึกษา,8500,46.1,2495.85
สมรสจดทะเบียน,ไม่ได้รับการศึกษา,4000,0.0,0.0
โสด,มัธยมศึกษาตอนต้น,6000,0.0,0.0
สมรสจดทะเบียน,ประถมศึกษา,4000,0.0,0.0
โสด,มัธยมศึกษาตอนต้น,5000,0.0,0.0
สมรสจดทะเบียน,มัธยมศึกษาตอนต้น,3500,0.0,0.0
สมรสไม่จดทะเบียน,ประถมศึกษา,7000,0.0,0.0
โสด,ประถมศึกษา,11200,89.85,4076.21
สมรสจดทะเบียน,ปริญญาตรี,12000,0.0,0.0
สมรสไม่จดทะเบียน,ประถมศึกษา,8500,222.57,8201.09
สมรสจดทะเบียน,มัธยมศึกษาตอนต้น,2000,0.0,0.0
สมรสไม่จดทะเบียน,มัธยมศึกษาตอนต้น,7500,0.0,0.0
โสด,มัธยมศึกษาตอนต้น,15000,0.0,0.0
สมรสจดทะเบียน,ประถมศึกษา,2000,0.0,0.0
โสด,มัธยมศึกษาตอนปลาย/ปวช.,10300,336.85,10625.9
สมรสไม่จดทะเบียน,ประถมศึกษา,10500,304.01,9988.09
สมรสจดทะเบียน,มัธยมศึกษาตอนปลาย/ปวช.,16000,0.0,0.0
โสด,ประถมศึกษา,10700,243.32,8511.98
สมรสจดทะเบียน,ปวท./ปวส./อนุปริญญา,11540,203.31,9635.35
สมรสจดทะเบียน,ประถมศึกษา,6000,44.46,3235.08
แยกกันอยู่(ร้าง),ประถมศึกษา,12500,0.0,0.0
โสด,มัธยมศึกษาตอนปลาย/ปวช.,16000,86.57,6139.92
สมรสจดทะเบียน,ปริญญาตรี,5400,0.0,0.0
หม้าย,ประถมศึกษา,2100,0.0,0.0
หย่า,ปวท./ปวส./อนุปริญญา,15000,336.85,10627.09
โสด,มัธยมศึกษาตอนต้น,7000,51.29,2703.51
สมรสไม่จดทะเบียน,มัธยมศึกษาตอนปลาย/ปวช.,15000,0.0,0.0
หม้าย,มัธยมศึกษาตอนปลาย/ปวช.,7500,115.27,7116.15
สมรสจดทะเบียน,ประถมศึกษา,12000,0.0,0.0
สมรสจดทะเบียน,ประถมศึกษา,12500,0.0,0.0
สมรสไม่จดทะเบียน,มัธยมศึกษาตอนต้น,7200,0.0,0.0
หย่า,มัธยมศึกษาตอนปลาย/ปวช.,7000,173.82,6680.28
สมรสไม่จดทะเบียน,ประถมศึกษา,15000,25.33,1633.37
สมรสจดทะเบียน,ระดับก่อนประถมศึกษา,4400,104.82,4566.3
สมรสจดทะเบียน,ไม่ได้รับการศึกษา,5100,38.3,2298.89
โสด,มัธยมศึกษาตอนต้น,9000,0.0,0.0
โสด,ปวท./ปวส./อนุปริญญา,5000,343.22,10633.29
สมรสจดทะเบียน,ปวท./ปวส./อนุปริญญา,11800,343.22,10633.46
โสด,มัธยมศึกษาตอนปลาย/ปวช.,8500,0.0,0.0
หม้าย,ประถมศึกษา,1500,39.25,2324.36
โสด,มัธยมศึกษาตอนปลาย/ปวช.,7500,0.0,0.0
สมรสไม่จดทะเบียน,ประถมศึกษา,21000,0.0,0.0
สมรสจดทะเบียน,ระดับก่อนประถมศึกษา,15000,0.0,0.0
หย่า,มัธยมศึกษาตอนปลาย/ปวช.,5000,256.11,8756.61
สมรสจดทะเบียน,ระดับก่อนประถมศึกษา,20000,0.0,0.0
สมรสไม่จดทะเบียน,มัธยมศึกษาตอนต้น,24500,253.97,5519.64
สมรสจดทะเบียน,มัธยมศึกษาตอนปลาย/ปวช.,12700,181.45,7036.89
สมรสไม่จดทะเบียน,ประถมศึกษา,3000,0.0,0.0
สมรสไม่จดทะเบียน,ประถมศึกษา,22900,0.0,0.0
โสด,ประถมศึกษา,21800,245.03,8587.14
โสด,ปริญญาตรี,5000,0.0,0.0
หม้าย,ประถมศึกษา,14000,314.26,9963.27
สมรสไม่จดทะเบียน,ประถมศึกษา,9100,0.0,0.0
สมรสจดทะเบียน,ปริญญาตรี,16065,65.66,3480.19
โสด,มัธยมศึกษาตอนปลาย/ปวช.,10200,0.0,0.0
สมรสจดทะเบียน,ประถมศึกษา,5100,0.0,0.0
โสด,มัธยมศึกษาตอนปลาย/ปวช.,17600,0.0,0.0
หย่า,ปริญญาตรี,12500,54.9,4248.17
สมรสไม่จดทะเบียน,มัธยมศึกษาตอนปลาย/ปวช.,9300,161.34,4719.84
สมรสจดทะเบียน,ประถมศึกษา,17700,0.0,0.0
หย่า,ปริญญาตรี,12000,0.0,0.0
สมรสจดทะเบียน,ประถมศึกษา,11500,0.0,0.0
สมรสจดทะเบียน,ประถมศึกษา,8800,0.0,0.0
สมรสจดทะเบียน,มัธยมศึกษาตอนต้น,27000,0.0,0.0
สมรสไม่จดทะเบียน,ประถมศึกษา,10000,0.0,0.0
สมรสไม่จดทะเบียน,ประถมศึกษา,16500,0.0,0.0
สมรสไม่จดทะเบียน,มัธยมศึกษาตอนปลาย/ปวช.,12000,0.0,0.0
สมรสไม่จดทะเบียน,ประถมศึกษา,6600,0.0,0.0
โสด,มัธยมศึกษาตอนปลาย/ปวช.,21750,0.0,0.0
สมรสจดทะเบียน,มัธยมศึกษาตอนต้น,8000,19.07,1145.92
สมรสจดทะเบียน,มัธยมศึกษาตอนต้น,26680,0.0,0.0
โสด,มัธยมศึกษาตอนปลาย/ปวช.,5500,134.94,5601.0
สมรสไม่จดทะเบียน,ประถมศึกษา,6000,283.31,9365.59
โสด,มัธยมศึกษาตอนปลาย/ปวช.,3400,17.26,1062.51
โสด,ระดับก่อนประถมศึกษา,3000,276.3,9087.08
หม้าย,มัธยมศึกษาตอนปลาย/ปวช.,9500,0.0,0.0
สมรสไม่จดทะเบียน,มัธยมศึกษาตอนปลาย/ปวช.,4500,0.0,0.0
สมรสไม่จดทะเบียน,มัธยมศึกษาตอนปลาย/ปวช.,7100,285.43,9439.04
สมรสไม่จดทะเบียน,ประถมศึกษา,15300,261.58,8821.07
สมรสจดทะเบียน,ประถมศึกษา,20000,97.25,4538.22
สมรสไม่จดทะเบียน,มัธยมศึกษาตอนปลาย/ปวช.,4500,343.22,10632.72
สมรสไม่จดทะเบียน,มัธยมศึกษาตอนต้น,12000,0.0,0.0
แยกกันอยู่(ร้าง),มัธยมศึกษาตอนปลาย/ปวช.,11000,53.78,3655.25
แยกกันอยู่(ร้าง),ประถมศึกษา,5700,336.87,10024.92
โสด,มัธยมศึกษาตอนต้น,25375,0.0,0.0
โสด,มัธยมศึกษาตอนต้น,23000,0.0,0.0
สมรสจดทะเบียน,มัธยมศึกษาตอนปลาย/ปวช.,8000,0.0,0.0
สมรสจดทะเบียน,มัธยมศึกษาตอนปลาย/ปวช.,9600,0.0,0.0
โสด,ประถมศึกษา,5600,343.22,10632.12
สมรสไม่จดทะเบียน,ประถมศึกษา,7000,0.0,0.0
สมรสไม่จดทะเบียน,มัธยมศึกษาตอนปลาย/ปวช.,5800,0.0,0.0
สมรสจดทะเบียน,มัธยมศึกษาตอนปลาย/ปวช.,6300,0.0,0.0
สมรสไม่จดทะเบียน,ประถมศึกษา,7325,348.68,10638.68
โสด,ประถมศึกษา,3000,268.26,8440.79
สมรสจดทะเบียน,ประถมศึกษา,2800,0.0,0.0
สมรสไม่จดทะเบียน,มัธยมศึกษาตอนต้น,5400,0.0,0.0
แยกกันอยู่(ร้าง),มัธยมศึกษาตอนปลาย/ปวช.,12000,0.0,0.0
สมรสไม่จดทะเบียน,มัธยมศึกษาตอนต้น,12500,0.0,0.0
สมรสจดทะเบียน,ปริญญาตรี,10900,0.0,0.0
โสด,มัธยมศึกษาตอนปลาย/ปวช.,4000,0.0,0.0
สมรสจดทะเบียน,มัธยมศึกษาตอนต้น,4000,334.6,10317.07
สมรสจดทะเบียน,ระดับก่อนประถมศึกษา,16200,0.0,0.0
สมรสจดทะเบียน,มัธยมศึกษาตอนต้น,8800,0.0,0.0
สมรสไม่จดทะเบียน,มัธยมศึกษาตอนต้น,25300,0.0,0.0
สมรสจดทะเบียน,มัธยมศึกษาตอนต้น,6900,0.0,0.0
สมรสจดทะเบียน,ประถมศึกษา,13000,0.0,0.0
สมรสจดทะเบียน,มัธยมศึกษาตอนต้น,22000,0.0,0.0
หม้าย,ประถมศึกษา,9500,326.19,10222.74
หย่า,มัธยมศึกษาตอนปลาย/ปวช.,10000,0.0,0.0
สมรสจดทะเบียน,ปริญญาตรี,18000,0.0,0.0
โสด,ประถมศึกษา,7000,0.0,0.0
สมรสไม่จดทะเบียน,ประถมศึกษา,5500,244.92,8424.5
โสด,มัธยมศึกษาตอนปลาย/ปวช.,12800,0.0,0.0
สมรสไม่จดทะเบียน,ไม่ได้รับการศึกษา,4500,84.31,3982.3
โสด,มัธยมศึกษาตอนต้น,7300,0.0,0.0
โสด,ปริญญาตรี,5000,0.0,0.0
สมรสจดทะเบียน,ประถมศึกษา,7000,111.67,3368.72
สมรสจดทะเบียน,ประถมศึกษา,15300,137.73,5281.7
สมรสจดทะเบียน,มัธยมศึกษาตอนต้น,13000,0.0,0.0
สมรสไม่จดทะเบียน,มัธยมศึกษาตอนต้น,8500,0.0,0.0
แยกกันอยู่(ร้าง),มัธยมศึกษาตอนปลาย/ปวช.,11400,87.0,4047.63
สมรสจดทะเบียน,ไม่ได้รับการศึกษา,4000,0.0,0.0
โสด,ปริญญาตรี,5300,204.96,7626.33
สมรสไม่จดทะเบียน,ปวท./ปวส./อนุปริญญา,16000,25.1,691.73
สมรสไม่จดทะเบียน,ประถมศึกษา,18871,0.0,0.0
สมรสจดทะเบียน,ประถมศึกษา,6400,0.0,0.0
สมรสไม่จดทะเบียน,มัธยมศึกษาตอนปลาย/ปวช.,13000,105.33,6672.68
โสด,มัธยมศึกษาตอนต้น,3100,0.0,0.0
สมรสไม่จดทะเบียน,มัธยมศึกษาตอนปลาย/ปวช.,4500,0.0,0.0
สมรสจดทะเบียน,ปวท./ปวส./อนุปริญญา,6000,0.0,0.0
โสด,ประถมศึกษา,12500,0.0,0.0
สมรสจดทะเบียน,ประถมศึกษา,22400,0.0,0.0
โสด,มัธยมศึกษาตอนต้น,9000,0.0,0.0
โสด,มัธยมศึกษาตอนต้น,3500,0.0,0.0
สมรสไม่จดทะเบียน,มัธยมศึกษาตอนต้น,6000,0.0,0.0
สมรสไม่จดทะเบียน,มัธยมศึกษาตอนต้น,9000,0.0,0.0
หย่า,มัธยมศึกษาตอนต้น,5000,0.0,0.0
สมรสจดทะเบียน,ปริญญาตรี,9300,0.0,0.0
โสด,ปริญญาตรี,8000,187.7,9624.24
สมรสจดทะเบียน,มัธยมศึกษาตอนปลาย/ปวช.,23200,0.0,0.0
สมรสไม่จดทะเบียน,มัธยมศึกษาตอนต้น,13170,0.0,0.0
สมรสไม่จดทะเบียน,มัธยมศึกษาตอนต้น,6500,103.96,4695.44
โสด,ปริญญาตรี,11000,148.51,5180.45
สมรสไม่จดทะเบียน,ปวท./ปวส./อนุปริญญา,9000,0.0,0.0
โสด,ปริญญาตรี,10500,0.0,0.0
สมรสไม่จดทะเบียน,ปริญญาตรี,13500,35.0,1384.55
โสด,มัธยมศึกษาตอนปลาย/ปวช.,10000,0.0,0.0
สมรสจดทะเบียน,ประถมศึกษา,9000,186.58,7053.69
โสด,มัธยมศึกษาตอนปลาย/ปวช.,12100,0.0,0.0
โสด,ปริญญาตรี,18000,0.0,0.0
โสด,มัธยมศึกษาตอนปลาย/ปวช.,15200,0.0,0.0
สมรสจดทะเบียน,ประถมศึกษา,6300,0.0,0.0
โสด,มัธยมศึกษาตอนปลาย/ปวช.,12500,336.37,10423.86
สมรสไม่จดทะเบียน,มัธยมศึกษาตอนต้น,22600,0.0,0.0
โสด,ปริญญาตรี,9800,51.79,2132.91
โสด,มัธยมศึกษาตอนปลาย/ปวช.,15000,0.0,0.0
สมรสไม่จดทะเบียน,ประถมศึกษา,14500,0.0,0.0
สมรสจดทะเบียน,มัธยมศึกษาตอนต้น,8700,200.88,7426.67
สมรสไม่จดทะเบียน,มัธยมศึกษาตอนต้น,9500,0.0,0.0
สมรสไม่จดทะเบียน,มัธยมศึกษาตอนต้น,18400,150.27,6219.5
โสด,มัธยมศึกษาตอนปลาย/ปวช.,4500,46.93,1402.19
สมรสจดทะเบียน,ประถมศึกษา,3500,165.61,5270.39
สมรสจดทะเบียน,ประถมศึกษา,16000,33.34,1174.86
โสด,มัธยมศึกษาตอนปลาย/ปวช.,12000,0.0,0.0
สมรสไม่จดทะเบียน,มัธยมศึกษาตอนปลาย/ปวช.,12000,147.56,8011.04
สมรสจดทะเบียน,ประถมศึกษา,28000,179.1,6930.49
สมรสจดทะเบียน,มัธยมศึกษาตอนปลาย/ปวช.,5000,282.87,9285.51
สมรสจดทะเบียน,ประถมศึกษา,10000,0.0,0.0
โสด,ปวท./ปวส./อนุปริญญา,12300,0.0,0.0
สมรสจดทะเบียน,มัธยมศึกษาตอนปลาย/ปวช.,20000,0.0,0.0
หย่า,มัธยมศึกษาตอนปลาย/ปวช.,2500,0.0,0.0
สมรสไม่จดทะเบียน,ประถมศึกษา,4000,0.0,0.0
โสด,มัธยมศึกษาตอนต้น,11500,48.23,2693.96
หย่า,ประถมศึกษา,4000,341.41,10530.63
โสด,มัธยมศึกษาตอนปลาย/ปวช.,26000,0.0,0.0
สมรสจดทะเบียน,ปริญญาตรี,5000,0.0,0.0
สมรสไม่จดทะเบียน,มัธยมศึกษาตอนปลาย/ปวช.,12000,11.89,551.41
สมรสไม่จดทะเบียน,มัธยมศึกษาตอนต้น,6700,0.0,0.0
แยกกันอยู่(ร้าง),มัธยมศึกษาตอนปลาย/ปวช.,3800,0.0,0.0
หย่า,มัธยมศึกษาตอนปลาย/ปวช.,9500,0.0,0.0
โสด,มัธยมศึกษาตอนต้น,14000,58.71,1844.85
สมรสไม่จดทะเบียน,มัธยมศึกษาตอนปลาย/ปวช.,16000,0.0,0.0
โสด,ปริญญาโท,6000,0.0,0.0
สมรสจดทะเบียน,ปริญญาตรี,5000,0.0,0.0
สมรสไม่จดทะเบียน,มัธยมศึกษาตอนต้น,16000,346.86,10636.88
สมรสจดทะเบียน,ประถมศึกษา,17000,0.0,0.0
สมรสไม่จดทะเบียน,ประถมศึกษา,10500,286.03,9420.86
สมรสจดทะเบียน,มัธยมศึกษาตอนต้น,13400,0.0,0.0
สมรสจดทะเบียน,ประถมศึกษา,9000,0.0,0.0
สมรสไม่จดทะเบียน,ประถมศึกษา,12600,53.72,1910.53
สมรสไม่จดทะเบียน,ประถมศึกษา,8900,0.0,0.0
สมรสจดทะเบียน,มัธยมศึกษาตอนต้น,4500,0.0,0.0
หม้าย,ปริญญาตรี,15000,283.85,9346.03
สมรสจดทะเบียน,มัธยมศึกษาตอนต้น,6000,0.0,0.0
สมรสจดทะเบียน,ประถมศึกษา,12000,0.0,0.0
สมรสไม่จดทะเบียน,ประถมศึกษา,6500,0.0,0.0
สมรสจดทะเบียน,ประถมศึกษา,5000,313.42,9929.94
สมรสจดทะเบียน,ปวท./ปวส./อนุปริญญา,16000,0.0,0.0
แยกกันอยู่(ร้าง),ประถมศึกษา,7000,0.0,0.0
สมรสจดทะเบียน,มัธยมศึกษาตอนปลาย/ปวช.,11000,307.9,9894.14
สมรสจดทะเบียน,มัธยมศึกษาตอนต้น,9650,0.0,0.0
สมรสไม่จดทะเบียน,ประถมศึกษา,1000,0.0,0.0
สมรสจดทะเบียน,มัธยมศึกษาตอนต้น,7500,0.0,0.0
โสด,มัธยมศึกษาตอนต้น,16500,346.86,10630.99
สมรสไม่จดทะเบียน,มัธยมศึกษาตอนปลาย/ปวช.,9500,0.0,0.0
สมรสไม่จดทะเบียน,มัธยมศึกษาตอนต้น,2100,0.0,0.0
โสด,มัธยมศึกษาตอนปลาย/ปวช.,4500,76.6,3330.65
สมรสจดทะเบียน,ประถมศึกษา,3000,0.0,0.0
หย่า,มัธยมศึกษาตอนต้น,5000,0.0,0.0
สมรสจดทะเบียน,ปวท./ปวส./อนุปริญญา,4000,31.87,1278.08
สมรสไม่จดทะเบียน,มัธยมศึกษาตอนต้น,15000,0.0,0.0
สมรสจดทะเบียน,ประถมศึกษา,4000,0.0,0.0
สมรสไม่จดทะเบียน,ประถมศึกษา,2600,1.68,108.08
สมรสจดทะเบียน,มัธยมศึกษาตอนปลาย/ปวช.,6000,0.0,0.0
หย่า,มัธยมศึกษาตอนต้น,15000,0.0,0.0
สมรสไม่จดทะเบียน,ประถมศึกษา,3700,0.0,0.0
สมรสจดทะเบียน,มัธยมศึกษาตอนต้น,12300,0.0,0.0
สมรสไม่จดทะเบียน,มัธยมศึกษาตอนต้น,10000,132.38,5696.07
สมรสจดทะเบียน,มัธยมศึกษาตอนปลาย/ปวช.,7700,0.0,0.0
โสด,มัธยมศึกษาตอนต้น,7300,0.0,0.0
สมรสไม่จดทะเบียน,มัธยมศึกษาตอนปลาย/ปวช.,2100,272.27,9073.14
สมรสไม่จดทะเบียน,ปริญญาตรี,5000,0.0,0.0
สมรสจดทะเบียน,มัธยมศึกษาตอนปลาย/ปวช.,7500,0.0,0.0
สมรสไม่จดทะเบียน,มัธยมศึกษาตอนปลาย/ปวช.,4400,122.9,795.19
สมรสจดทะเบียน,ประถมศึกษา,4000,0.0,0.0
โสด,ปวท./ปวส./อนุปริญญา,3000,290.12,9423.56
สมรสไม่จดทะเบียน,ประถมศึกษา,12000,0.0,0.0
สมรสจดทะเบียน,มัธยมศึกษาตอนปลาย/ปวช.,4500,205.67,7526.25
แยกกันอยู่(ร้าง),ประถมศึกษา,2000,340.49,10625.19
สมรสไม่จดทะเบียน,ประถมศึกษา,17500,332.02,10340.75
สมรสจดทะเบียน,ประถมศึกษา,5000,0.0,0.0
สมรสจดทะเบียน,ประถมศึกษา,5000,0.0,0.0
แยกกันอยู่(ร้าง),ประถมศึกษา,8000,229.94,8206.88
สมรสจดทะเบียน,ประถมศึกษา,2150,49.74,2906.62
แยกกันอยู่(ร้าง),ประถมศึกษา,8000,306.65,9993.35
หย่า,มัธยมศึกษาตอนปลาย/ปวช.,6000,253.25,7005.79
โสด,มัธยมศึกษาตอนต้น,7500,340.49,10626.37
สมรสจดทะเบียน,มัธยมศึกษาตอนต้น,9000,310.73,7589.78
สมรสไม่จดทะเบียน,มัธยมศึกษาตอนต้น,5000,340.49,10630.68
สมรสจดทะเบียน,มัธยมศึกษาตอนปลาย/ปวช.,5300,0.0,0.0
โสด,มัธยมศึกษาตอนต้น,15000,199.65,7625.67
สมรสจดทะเบียน,มัธยมศึกษาตอนปลาย/ปวช.,6000,75.71,3668.73
สมรสไม่จดทะเบียน,ปวท./ปวส./อนุปริญญา,24250,0.0,0.0
หย่า,ปวท./ปวส./อนุปริญญา,7500,0.0,0.0
โสด,มัธยมศึกษาตอนปลาย/ปวช.,7900,176.68,6925.86
สมรสจดทะเบียน,ประถมศึกษา,11200,0.0,0.0
แยกกันอยู่(ร้าง),มัธยมศึกษาตอนต้น,11000,51.73,2467.74
สมรสจดทะเบียน,ปริญญาตรี,3400,0.0,0.0
โสด,ประถมศึกษา,7800,0.0,0.0
สมรสจดทะเบียน,มัธยมศึกษาตอนต้น,5000,0.0,0.0
สมรสจดทะเบียน,มัธยมศึกษาตอนปลาย/ปวช.,2000,340.49,10630.71
หย่า,ประถมศึกษา,6000,0.0,0.0
โสด,มัธยมศึกษาตอนปลาย/ปวช.,15000,0.0,0.0
สมรสจดทะเบียน,มัธยมศึกษาตอนปลาย/ปวช.,15500,254.64,8491.46
สมรสไม่จดทะเบียน,มัธยมศึกษาตอนต้น,8000,340.49,10630.72
แยกกันอยู่(ร้าง),ประถมศึกษา,7000,0.0,0.0
โสด,มัธยมศึกษาตอนต้น,7000,309.6,10026.87
สมรสไม่จดทะเบียน,มัธยมศึกษาตอนต้น,8900,340.49,10630.62
โสด,มัธยมศึกษาตอนปลาย/ปวช.,16800,167.32,5147.05
สมรสจดทะเบียน,มัธยมศึกษาตอนต้น,7000,0.0,0.0
หม้าย,มัธยมศึกษาตอนต้น,2000,203.17,7679.33
สมรสไม่จดทะเบียน,ประถมศึกษา,10300,198.1,7543.84
หย่า,ประถมศึกษา,7000,0.0,0.0
โสด,ปวท./ปวส./อนุปริญญา,15500,332.3,10050.7
สมรสจดทะเบียน,มัธยมศึกษาตอนปลาย/ปวช.,6000,0.0,0.0
สมรสไม่จดทะเบียน,มัธยมศึกษาตอนปลาย/ปวช.,8000,340.49,10629.93
สมรสไม่จดทะเบียน,ปวท./ปวส./อนุปริญญา,4000,199.57,7575.29
สมรสจดทะเบียน,มัธยมศึกษาตอนต้น,5900,0.0,0.0
สมรสจดทะเบียน,ไม่ได้รับการศึกษา,6900,181.31,6943.62
โสด,ปริญญาตรี,22200,0.0,0.0
สมรสจดทะเบียน,มัธยมศึกษาตอนปลาย/ปวช.,10800,0.0,0.0
หย่า,ประถมศึกษา,16500,243.7,8522.2
หม้าย,ประถมศึกษา,8800,308.79,10025.77
โสด,มัธยมศึกษาตอนปลาย/ปวช.,12000,0.0,0.0
โสด,ประถมศึกษา,11300,323.1,10293.66
โสด,มัธยมศึกษาตอนปลาย/ปวช.,15000,0.0,0.0
โสด,มัธยมศึกษาตอนต้น,16000,0.0,0.0
สมรสไม่จดทะเบียน,ประถมศึกษา,10500,0.0,0.0
สมรสไม่จดทะเบียน,ประถมศึกษา,6000,306.65,9993.57
สมรสจดทะเบียน,ประถมศึกษา,3500,0.0,0.0
โสด,มัธยมศึกษาตอนต้น,8000,230.25,8228.09
สมรสจดทะเบียน,ปริญญาตรี,24500,0.0,0.0
สมรสจดทะเบียน,มัธยมศึกษาตอนต้น,7600,23.17,966.7
สมรสไม่จดทะเบียน,ประถมศึกษา,17700,63.31,3492.0
โสด,ปริญญาตรี,9000,0.0,0.0
โสด,มัธยมศึกษาตอนปลาย/ปวช.,14500,0.0,0.0
หย่า,ประถมศึกษา,6700,0.0,0.0
สมรสจดทะเบียน,ปริญญาตรี,6000,74.93,4329.44
สมรสจดทะเบียน,ระดับก่อนประถมศึกษา,6000,159.37,6598.86
โสด,ปวท./ปวส./อนุปริญญา,8000,0.0,0.0
แยกกันอยู่(ร้าง),ประถมศึกษา,7400,80.36,4022.15
สมรสจดทะเบียน,ประถมศึกษา,5500,0.0,0.0
โสด,ปริญญาตรี,10900,0.0,0.0
แยกกันอยู่(ร้าง),มัธยมศึกษาตอนต้น,14000,0.0,0.0
สมรสจดทะเบียน,มัธยมศึกษาตอนปลาย/ปวช.,6000,75.71,3668.73
สมรสไม่จดทะเบียน,มัธยมศึกษาตอนต้น,7000,0.0,0.0
โสด,ประถมศึกษา,5000,0.0,0.0
สมรสไม่จดทะเบียน,ประถมศึกษา,6000,0.0,0.0
แยกกันอยู่(ร้าง),มัธยมศึกษาตอนต้น,4700,78.66,3004.17
หย่า,ประถมศึกษา,18300,0.0,0.0
สมรสไม่จดทะเบียน,มัธยมศึกษาตอนต้น,17300,0.0,0.0
สมรสไม่จดทะเบียน,มัธยมศึกษาตอนต้น,12000,18.02,1159.23
โสด,มัธยมศึกษาตอนปลาย/ปวช.,2390,144.85,9742.9
โสด,มัธยมศึกษาตอนต้น,10000,0.0,0.0
สมรสไม่จดทะเบียน,มัธยมศึกษาตอนปลาย/ปวช.,5000,0.0,0.0
สมรสไม่จดทะเบียน,ปริญญาตรี,19500,210.18,7484.35
หย่า,ประถมศึกษา,18700,0.0,0.0
สมรสไม่จดทะเบียน,มัธยมศึกษาตอนปลาย/ปวช.,23400,0.0,0.0
สมรสจดทะเบียน,มัธยมศึกษาตอนปลาย/ปวช.,15300,0.0,0.0
โสด,มัธยมศึกษาตอนต้น,5000,0.0,0.0
สมรสไม่จดทะเบียน,มัธยมศึกษาตอนปลาย/ปวช.,5000,0.0,0.0
สมรสจดทะเบียน,ไม่ได้รับการศึกษา,1300,0.0,0.0
สมรสจดทะเบียน,มัธยมศึกษาตอนต้น,9500,351.79,10640.65
สมรสไม่จดทะเบียน,ประถมศึกษา,5700,0.0,0.0
สมรสจดทะเบียน,ปริญญาตรี,10000,0.0,0.0
หย่า,ปริญญาตรี,5000,0.0,0.0
สมรสจดทะเบียน,มัธยมศึกษาตอนต้น,25800,129.41,5115.92
โสด,มัธยมศึกษาตอนปลาย/ปวช.,18000,300.25,9414.7
สมรสไม่จดทะเบียน,ประถมศึกษา,6000,0.0,0.0
สมรสไม่จดทะเบียน,มัธยมศึกษาตอนปลาย/ปวช.,14200,0.0,0.0
สมรสจดทะเบียน,ประถมศึกษา,23000,0.0,0.0
โสด,ปริญญาตรี,6100,244.98,8390.9
สมรสไม่จดทะเบียน,ประถมศึกษา,23000,0.0,0.0
หม้าย,ไม่ได้รับการศึกษา,8000,0.0,0.0
โสด,ไม่ได้รับการศึกษา,9000,288.07,9433.0
สมรสจดทะเบียน,มัธยมศึกษาตอนปลาย/ปวช.,14000,0.0,0.0
สมรสจดทะเบียน,ประถมศึกษา,7000,288.18,9372.11
สมรสจดทะเบียน,ปริญญาตรี,17300,0.0,0.0
โสด,ปริญญาตรี,2500,0.0,0.0
สมรสจดทะเบียน,มัธยมศึกษาตอนปลาย/ปวช.,8000,151.57,10368.56
โสด,มัธยมศึกษาตอนต้น,6000,0.0,0.0
หม้าย,ประถมศึกษา,7000,0.0,0.0
โสด,ประถมศึกษา,22700,0.0,0.0
สมรสไม่จดทะเบียน,ปวท./ปวส./อนุปริญญา,4000,0.0,0.0
โสด,มัธยมศึกษาตอนต้น,2000,313.25,9980.03
สมรสจดทะเบียน,มัธยมศึกษาตอนต้น,11200,0.0,0.0
สมรสไม่จดทะเบียน,มัธยมศึกษาตอนต้น,11000,52.67,2885.43
โสด,ระดับก่อนประถมศึกษา,2000,0.0,0.0
โสด,มัธยมศึกษาตอนต้น,24000,156.55,5592.76
โสด,มัธยมศึกษาตอนต้น,19000,123.97,5071.14
โสด,ปริญญาตรี,17700,94.98,6806.88
สมรสจดทะเบียน,มัธยมศึกษาตอนต้น,10550,0.0,0.0
หย่า,ระดับก่อนประถมศึกษา,3200,236.81,8108.48
สมรสไม่จดทะเบียน,ประถมศึกษา,7000,0.0,0.0
สมรสไม่จดทะเบียน,มัธยมศึกษาตอนปลาย/ปวช.,1200,348.68,10638.92
สมรสไม่จดทะเบียน,มัธยมศึกษาตอนต้น,5000,140.33,5856.21
สมรสจดทะเบียน,มัธยมศึกษาตอนปลาย/ปวช.,3000,0.0,0.0
สมรสจดทะเบียน,ประถมศึกษา,5700,127.25,4769.88
สมรสจดทะเบียน,มัธยมศึกษาตอนต้น,5150,309.5,9895.94
แยกกันอยู่(ร้าง),มัธยมศึกษาตอนต้น,16000,0.0,0.0
สมรสไม่จดทะเบียน,ประถมศึกษา,25000,343.19,10532.82
สมรสจดทะเบียน,มัธยมศึกษาตอนปลาย/ปวช.,8000,0.0,0.0
สมรสจดทะเบียน,ประถมศึกษา,6000,0.0,0.0
โสด,ปริญญาตรี,24000,0.0,0.0
สมรสจดทะเบียน,ประถมศึกษา,13500,288.88,9399.29
สมรสจดทะเบียน,ประถมศึกษา,8300,0.0,0.0
โสด,มัธยมศึกษาตอนปลาย/ปวช.,3700,341.4,10631.43
โสด,ประถมศึกษา,7000,0.0,0.0
สมรสไม่จดทะเบียน,ประถมศึกษา,1200,0.0,0.0
สมรสจดทะเบียน,ปวท./ปวส./อนุปริญญา,7200,222.57,8097.7
โสด,ปวท./ปวส./อนุปริญญา,6000,45.02,2468.76
สมรสไม่จดทะเบียน,ไม่ได้รับการศึกษา,9000,0.0,0.0
โสด,ปวท./ปวส./อนุปริญญา,23000,0.0,0.0
โสด,ประถมศึกษา,7200,0.0,0.0
แยกกันอยู่(ร้าง),ประถมศึกษา,16000,319.1,8411.36
สมรสไม่จดทะเบียน,ประถมศึกษา,9000,0.0,0.0
โสด,มัธยมศึกษาตอนต้น,9600,0.0,0.0
โสด,มัธยมศึกษาตอนต้น,7100,184.16,1638.57
สมรสจดทะเบียน,ปริญญาตรี,2000,0.0,0.0
สมรสไม่จดทะเบียน,มัธยมศึกษาตอนปลาย/ปวช.,9600,267.89,8979.87
โสด,ประถมศึกษา,8000,283.81,9367.8
โสด,มัธยมศึกษาตอนต้น,11300,0.0,0.0
โสด,มัธยมศึกษาตอนต้น,10500,342.31,10621.39
โสด,ประถมศึกษา,2500,154.83,6435.3
สมรสไม่จดทะเบียน,ประถมศึกษา,15300,76.22,2224.28
สมรสจดทะเบียน,ประถมศึกษา,9000,0.0,0.0
สมรสจดทะเบียน,ประถมศึกษา,2000,0.0,0.0
สมรสไม่จดทะเบียน,ปริญญาตรี,12000,0.0,0.0
สมรสไม่จดทะเบียน,ประถมศึกษา,5500,0.0,0.0
แยกกันอยู่(ร้าง),มัธยมศึกษาตอนต้น,12000,0.0,0.0
สมรสไม่จดทะเบียน,มัธยมศึกษาตอนต้น,3100,0.0,0.0
โสด,มัธยมศึกษาตอนต้น,8400,251.37,7413.55
หย่า,มัธยมศึกษาตอนปลาย/ปวช.,27000,0.0,0.0
โสด,มัธยมศึกษาตอนต้น,7500,0.0,0.0
สมรสจดทะเบียน,ประถมศึกษา,3700,316.04,9943.89
สมรสจดทะเบียน,ประถมศึกษา,5600,0.0,0.0
สมรสจดทะเบียน,ระดับก่อนประถมศึกษา,16000,0.0,0.0
โสด,มัธยมศึกษาตอนปลาย/ปวช.,5000,0.0,0.0
สมรสจดทะเบียน,ปริญญาตรี,10000,0.0,0.0
สมรสจดทะเบียน,ประถมศึกษา,4200,0.0,0.0
สมรสจดทะเบียน,ประถมศึกษา,8500,0.0,0.0
สมรสจดทะเบียน,ประถมศึกษา,19000,0.0,0.0
สมรสจดทะเบียน,ปริญญาตรี,6500,0.0,0.0
สมรสไม่จดทะเบียน,ไม่ได้รับการศึกษา,7300,0.0,0.0
หย่า,มัธยมศึกษาตอนปลาย/ปวช.,7200,0.0,0.0
สมรสไม่จดทะเบียน,มัธยมศึกษาตอนต้น,23000,0.0,0.0
โสด,ปริญญาตรี,18500,0.0,0.0
สมรสจดทะเบียน,ปริญญาตรี,22000,0.0,0.0
